sector,number_of_stocks,observations,average_close,average_volume,total_volume,average_dollar_volume,total_dollar_volume,average_return,return_volatility
Consumer_Discretionary,176,12240801,213.53433426477508,56943.023097998244,697028214081.0,1852290.3215080432,22673517219805.977,0.00022640725779587853,0.35251179357367346
Technology,100,7131412,596.5041818293945,88730.75494516373,632775570585.0,2469361.8170459466,17610036494423.27,0.0001831280328445384,0.11263533572781649
Financials,204,13398066,57.63680775232787,32627.436604059123,437144549032.0,823671.7172093684,11035608029504.453,8.436842817332553e-05,0.0637249352842024
Healthcare,153,8637654,5151.59500710241,50148.540493055174,433165741384.0,1523766.9219449346,13161771448405.352,0.0020675730350201856,2.151977524092431
Industrials,76,6883893,181.4073282951126,39484.691082647565,271808388551.0,1350185.053938722,9294529441513.39,5.383559616879483e-05,0.011200960080069393
Basic_Materials,12,1480048,21.082025216006578,147141.86022277657,217777015939.0,3029773.214401287,4484209786428.196,5.44122900876556e-05,0.011506710414285366
Energy,20,2416126,1679.4550241917239,89171.3675305013,215449259546.0,2389330.995451663,5772924740716.6455,4.608930231114318e-05,0.015430621829190729
Utilities,29,2399434,22.92722021076624,50183.461594275985,120411903987.0,1250217.1425382143,2999813519189.0376,0.00022339127476340992,0.09697798432318887
Consumer_Staples,23,1705103,66.47755977339743,58211.505206430345,99256612162.0,1941943.848519046,3311214281941.371,0.00012757556187383898,0.02715915120685119
Real_Estate,36,2953852,27.609587413282778,27415.77300724613,80982135929.0,773137.3605233702,2283733338656.678,4.9038616358162344e-05,0.009813116055261141
Telecommunications,16,1274365,28487.943357222277,26648.76539374512,33960253911.0,455538.9301910877,580522868772.9655,4.8346788620588226e-05,0.013369497547015073
Other,39,918111,90.01603671887256,26263.291302467784,24112616641.0,316606.2092031382,290679643337.7024,9.829336988520772e-05,0.03272899703517561
