sector,ticker,observations,average_close,minimum_close,maximum_close,price_stddev,average_volume,total_volume,average_dollar_volume,total_dollar_volume,average_return,return_volatility
Healthcare,PRTA,84109,32.598582419241815,0.01,79.5358,18.90954541129083,12793.440464159603,1076043484.0,432054.9298731843,36339708096.70366,0.04761641010510589,13.792451879895568
Healthcare,PMCB,79553,96.58596989805419,0.005,915.275,116.17049974042638,9197.6684725906,731702120.0,43728.39856759291,3478725291.2477183,0.11632618040098258,13.350153158406757
Healthcare,KPRX,60281,3281.578966510153,3.0,43200.0,5201.276439369554,628.2029661087241,37868703.0,48270.54352849322,2909796634.4410996,0.05207480287817079,12.746181985558524
Consumer_Discretionary,XWEL,106533,52.94791864492667,0.2,2400.0,167.55345280281205,22202.634761059955,2365313289.0,135547.87901474859,14440322195.07821,0.011398145749159578,3.621249033356782
Financials,AFGC,14709,20.18905534706628,0.005,23.8397,2.9469264938967235,1293.084574070297,19019981.0,21938.54365727109,322694038.6548005,0.016716189367946898,1.7886111410494674
Technology,HOLO,29474,233.40753911922198,1.59,7000.0,421.31891384027574,16408.763961457556,483631909.0,382805.3205234014,11282804017.106731,0.014044320137046987,1.703294422483634
Consumer_Discretionary,UK,24944,206.08409405067619,1.15,2352.0,376.6124185000296,2178.4537363694676,54339350.0,16115.909310796278,401995241.84850234,0.010940732735959574,1.6997597761743757
Consumer_Discretionary,SCWO,21813,1.925688282217008,0.0005,7.19,1.1117788756099674,6010.022051070463,131096611.0,11865.513145426983,258822438.24119878,0.01322123078121066,1.4854997597414765
Healthcare,QNRX,52510,4154.811639801886,0.47,42000.0,7678.766996675681,5514.453094648638,289563932.0,98617.58241684265,5178409252.708407,0.002929433981542849,0.6326886447113178
Financials,LUXH,18315,2.2437349549549412,0.0661,6.95,1.6985984955262774,30641.64318864319,561201695.0,22428.757016440053,410782684.7560996,0.0037069329838516525,0.5085278935235154
